<?xml version="1.0" encoding="UTF-8"?>
-<familyset version="22">
-<family name="sans-serif">
<font style="normal" weight="400">Roboto-Black.ttf</font>
<font style="normal" weight="400">Roboto-Bold.ttf</font>
<font style="normal" weight="400">Roboto-BoldItalic.ttf</font>
<font style="normal" weight="400">Roboto-Italic.ttf</font>
<font style="normal" weight="400">Roboto-Light.ttf</font>
<font style="normal" weight="400">Roboto-LightItalic.ttf</font>
<font style="normal" weight="400">Roboto-Medium.ttf</font>
<font style="normal" weight="400">Roboto-Regular.ttf</font>
<font style="normal" weight="400">Roboto-Thin.ttf</font>
</family>
<alias name="sans-serif-thin" weight="100" to="sans-serif"/>
<alias name="sans-serif-light" weight="300" to="sans-serif"/>
<alias name="sans-serif-medium" weight="500" to="sans-serif"/>
<alias name="sans-serif-black" weight="900" to="sans-serif"/>
<alias name="arial" to="sans-serif"/>
<alias name="helvetica" to="sans-serif"/>
<alias name="tahoma" to="sans-serif"/>
<alias name="verdana" to="sans-serif"/>
<alias name="sans-serif-condensed" to="sans-serif"/>
</familyset>